{
  "single_run": {
    "trades": 876,
    "win_pct": 48.401826484018265,
    "pnl": 4019.1451999999986,
    "roi": 803.8290399999997,
    "capital": 4519.1452,
    "dd": 9.171178726584781,
    "avg": 4.614403214695752,
    "avg_win": 21.864493396226415,
    "avg_loss": -11.748098434004474,
    "sharpe": 3.680175047725968
  },
  "monte_carlo": {
    "runs": 100,
    "profitable_pct": 100.0,
    "avg_roi": 87.5746584,
    "median_roi": 83.82018
  }
}